{"mean topo": [0.6347374614044249, 0.868922050381373, 0.4999855469442471], "prec": [0.7455663786289154, 0.760425086349088, 0.8476733654774619, 0.9548872180451129, 0.7617350145314131, 0.9288158839888264, 0.9396982259897025, 0.9704764437036744, 0.9509425925131277, 0.8866103998157077, 0.8765428409163333, 0.8333779756304865, 0.8633403424706831, 0.9693237012824641, 0.9587530288119904, 0.8280465289503627, 0.9118649615226894, 0.7311796603606207, 0.8691695755536041, 0.8615630907253523, 0.8583633053741748, 0.905894869727838, 0.9566433392724472, 0.8306181373270155, 0.7055290422070873, 0.9336543674770229, 0.9002078272005541, 0.8324016965466018, 0.799497178455188, 0.9812936154298182, 0.8978029960745032, 0.9537648141585953, 0.9535413487233336, 0.9470124260084851, 0.5060544840977745], "recall": [0.3799762858024813, 0.4350752220395026, 0.45117426240589015, 0.35350615045689116, 0.16300240205784045, 0.9290923555057982, 0.6964969094869617, 0.9216607154188494, 0.40188786072208177, 0.1318533462726276, 0.3479955522459904, 0.32014832417464767, 0.34230491122075507, 0.6772847859270013, 0.35864419705014494, 0.8826774189804382, 0.44703180000060944, 0.30410801898504525, 0.7876757367063787, 0.8036428374325902, 0.3237259842372799, 0.42208728727271566, 0.7402181984013654, 0.25194853508897863, 0.2768966844268277, 0.5927116933536253, 0.42197913483329563, 0.5697558374064179, 0.34816573339464674, 0.289499484585173, 0.500656436654328, 0.5096101682120446, 0.8373806115738001, 0.3965282045537902, 0.883091056161834], "f1": 0.6347374614044249}