{"apls": [["100.txt", 0.253729], ["109.txt", 0.15476], ["11.txt", 0.322949], ["111.txt", 0.198957], ["112.txt", 0.249537], ["138.txt", 0.651248], ["140.txt", 0.040394], ["145.txt", 0.432923], ["15.txt", 0.272972], ["171.txt", 0.463527], ["19.txt", 0.069418], ["198.txt", 0.297173], ["199.txt", 0.220204], ["2.txt", 0.123822], ["200.txt", 0.144537], ["205.txt", 0.082994], ["210.txt", 0.315524], ["224.txt", 0.081609], ["226.txt", 0.075805], ["253.txt", 0.140282], ["255.txt", 0.221295], ["291.txt", 0.0616], ["293.txt", 0.291316], ["304.txt", 0.316195], ["330.txt", 0.038008], ["357.txt", 0.23796], ["37.txt", 0.10517], ["370.txt", 0.401696], ["376.txt", 0.080074], ["58.txt", 0.175873], ["70.txt", 0.156699], ["72.txt", 0.045708], ["88.txt", 0.427701], ["90.txt", 0.130138], ["92.txt", 0.357533]], "final_APLS": 0.21826657142857142, "n_evaluated": 35, "n_total": 39, "n_skipped": 0, "n_failed": 0}