{"mean topo": [0.5218513910984862, 0.8747554128021544, 0.37183954785106144], "prec": [0.8585846058554109, 0.7327754383458341, 0.82026134158376, 0.9201911035789775, 0.9026787607885999, 0.8748686945287045, 1.0, 0.8948840911111798, 0.9750404738581295, 0.8073116258388409, 0.7250435018427991, 0.8470986068458544, 0.9252910052910054, 0.9161863948048158, 0.9726141732392682, 0.9066995325841625, 0.9906919827881677, 0.6477664948078523, 0.9416650762523998, 0.8665528303089957, 0.8248463116085238, 0.7991815759733039, 0.9903105287854093, 0.7659969719588234, 0.8639078077068648, 0.9486447143262363, 0.8696520429957499, 0.8378143253771285, 0.8957132259861276, 0.9646655883970292, 0.7793841906581452, 0.9454336015629602, 0.9333333333333333, 0.9399341417209305, 0.7314153534300804], "recall": [0.1730034447695878, 0.4024502175110272, 0.33950233365492105, 0.39321157919712185, 0.08046511562969028, 0.2594334421076626, 0.4968799936308871, 0.5865314412840544, 0.3592225352875675, 0.1005146583134266, 0.359620179966956, 0.3605962766848435, 0.1686013240228454, 0.5046597085679893, 0.37121945002297874, 0.7092030640141674, 0.420993365410868, 0.1339728390939029, 0.5367023217234814, 0.46156545699562046, 0.25104943238296784, 0.27911696539374603, 0.4886746621148045, 0.21503002692570988, 0.306913097450041, 0.48805915960419705, 0.3964995104654782, 0.27669916413975815, 0.332052206975786, 0.2131248232998147, 0.3981689670400442, 0.682487194244478, 0.28676007248767627, 0.3854497611224661, 0.7959503832505835], "f1": 0.5218513910984862}