{"mean topo": [0.7963930355844425, 0.9304857585875763, 0.6960805526919822], "prec": [0.8935942670507107, 0.983402790437512, 0.8765750989061427, 0.8897582456235852, 0.9641868046653691, 0.9623353497849231, 0.9084134964969779, 0.9956899357330545, 0.992681803412422, 0.9888668967100966, 0.8282215650136058, 0.8169412918098132, 0.997334455667789, 0.8685701822107783, 0.9667644381803463, 0.9986910888525966, 0.8303975115606879, 0.9931255685462861, 0.9483157365510306, 0.8251553728218912, 0.9798360074676478, 0.925240251514294, 0.9946228640203918, 1.0, 0.9733529516082698, 0.8894639789419874, 0.9848534075609293, 0.9315223510250432, 0.877830236360544, 0.9484660628704076, 0.8464180220757024, 0.9416743301964432, 0.9406288734889887, 0.9904364770367059, 0.9416502117951121, 0.8023784773959878, 0.9792280211164857, 0.5710182898862144, 0.8360919508045286, 1.0, 1.0, 0.9509153021909654, 1.0, 0.846638410872733, 0.9846330888645373, 0.9106819066946661, 0.8932255692100225, 0.8730820715565212, 0.8391382483921005, 0.9979093467213941, 0.9530770774786783, 0.9152477869120609, 0.9413740606910206, 0.8872108354476692, 0.9571014725478088, 0.9590207749602041, 1.0, 0.9494891580226524, 0.9959381013440328, 0.9611966382984957, 0.9784504192017611, 0.8862943737952231, 0.996228588477034, 0.9987916539222198, 0.9964298153953327, 0.9018514830660151, 0.9988346957630001, 0.8730911942496746, 1.0, 0.965933291499696, 0.903241058523762, 0.9596041327467544, 0.9917113424697639, 0.9584601645657935, 0.9878062356033944, 0.9992673671132238, 0.986073047477043, 0.8362200685496191, 0.9525258908396034, 0.9675072273754436, 1.0, 0.9353245887666539, 1.0, 0.9584879113548858, 0.7596907241544533, 0.9926818375466643, 0.9404037300731989, 0.9724883857471635, 0.9068006580103677, 1.0, 0.9340776123044718, 0.80666613948883, 0.9667001108280603, 0.9701973431339455, 0.8770929072657057, 0.9843833379345921, 0.6979461169929615, 0.9991708126036486, 0.9487553215003495, 0.9793437888808227, 0.795169331223959, 0.8496894407106699, 1.0, 0.8837788315156451, 0.19230769230769232, 0.873303506591792, 0.9639128327747631, 1.0, 0.9054069224777059, 0.86747127377613, 0.8317060233115187, 0.9245133584027824, 0.9685139466414027, 0.9826870984116385, 1.0, 0.9446050434650555, 0.9090629242872951, 0.9716685583574998, 0.9373802892614231, 1.0, 0.958782016712695, 0.9079122153982312, 0.8166834242649212, 0.9975242859987485, 0.8766252820945613, 0.994624743689623, 0.9924474152865378, 1.0, 0.8312140106760367, 0.932460824080552, 1.0, 0.9348010392589896, 0.8354648296505229, 0.9705818202584396, 0.8912435348878115, 0.8542095452100585, 0.8751554185037312, 1.0, 1.0, 0.9666343861095043, 0.9945969803780984, 0.8846679060584858, 1.0, 0.7829850233355683, 0.9984847041240485, 0.9387535745146662, 0.8990750353845384, 0.9720541904449649, 0.9079746399462305, 1.0, 0.9438570790888293, 0.9843420468420468, 0.9306523220524575, 0.8078506173872104, 1.0, 0.8666886047350107, 0.8455846884103009, 0.8788686819989738, 1.0, 0.7526132891459527, 0.5999838056680162, 0.9623149754097992, 0.9855218474184316, 0.946372986474461, 0.8539606753161546, 0.9994444444444445, 0.9590420090420091, 0.9735363975118304, 1.0, 0.9520310701183354, 1.0, 0.9299312318716055, 1.0, 0.8556419314934347, 0.8812080196548322, 0.9918494732707556, 0.9820703431049835, 1.0, 0.8146208480610027, 0.9777321764876993, 0.9987689531480379, 1.0, 0.9362153816928818, 0.865204454382927, 0.9404374239306651, 0.9741020390945503, 0.9387858610887412, 0.9142362104100611, 0.9373761742406272, 0.962414589612022, 0.9505109175364478, 0.9618489386664332, 0.9604540841359734, 0.9499117958487557, 0.9194482415960492, 0.9697508866026752, 0.8329943138980662, 0.8787519721984997, 0.9932716093694064, 0.9877009882560939, 0.9994356286802136, 0.9588621816645022, 0.7821961658177702, 0.8571234931109529, 0.907747719930842, 0.9871233227161873, 0.9240384125527931, 1.0, 0.9919314129806119, 0.9984387996654542, 0.8647148508892577, 0.7040342356785971, 0.8008331166399518, 0.9968820581592323, 0.8999358862351442, 0.9509705932729443, 0.9985059873036572, 1.0, 0.9853993339569482, 1.0, 0.9932740055356306, 1.0, 0.9975369458128078, 0.9549466751010132, 0.8666355766020399, 0.834133721795237, 0.9197123696890867, 0.9476049968258325, 0.753985147537296, 0.999468085106383, 0.8963458267631544, 0.982806756453097, 0.9596587089088954, 1.0, 0.9905643875818011, 0.9511611813211881, 0.9695596492581504, 0.9992481203007519, 0.8344512930345742, 0.9315886017799471, 0.941075858575223, 0.9701113723648996, 0.9431847297611872, 0.9291031639087056, 0.890952718755411, 0.9742238202784799, 0.9954759190652607, 0.9855485910097772, 0.9532656821526068, 1.0, 0.9980104412891299, 0.9873687129562051, 0.9463417945817861, 0.9806225170879173, 0.8462797103731474, 0.9539469976828973, 0.9598254882082471, 0.9113761935782506, 1.0, 0.9282519004293197, 0.9931258396775638, 0.8707436457563336, 0.9211683766625979, 0.6788520650348211, 1.0, 0.9940733869305297, 0.9776082307406898, 0.9295901712325155, 0.8446074684162544, 0.950562419503119, 0.9653066737412894, 0.9453937269382467, 0.935646233659377, 0.8371930641054348, 0.8423051298508639, 0.9772417434802148, 0.9048253953726123, 0.9376803751803752, 0.8375521747982284, 0.8892091255317011, 0.9100018433684046, 0.9017592762812894, 1.0, 0.6458215237817895, 0.9675302188768005, 0.9016395995992225, 0.950474636174865, 0.9510428202288667, 0.9124201386011952, 0.9465818352945483, 0.9464518078700367, 0.9274330939210628, 0.9800628387743283, 0.9990549474773354, 0.9520865080389472, 0.8326000790054823, 0.9392356567961894, 0.9752121701349321, 0.7950205499835343, 0.9605615965923593, 0.796455888744511, 0.9628030347131086, 0.9325197129598981, 0.9984528959942565, 0.9351250164508205, 0.9863553810544134, 0.8503386008661759, 0.9266482680636067, 0.9425534584935825, 0.92361748716872, 0.9519473870156472, 0.9549446873665233, 0.9983893115775868, 0.9381469102884802, 0.996694962251926, 0.7357280295802114, 1.0, 0.770356132096076, 0.9644491129785246, 0.9084001296470243, 0.9463828828779517, 0.8785620077046534, 1.0, 0.9428639912086124, 1.0, 0.9408303879188901, 0.9817908909494076, 0.9126321008494831, 0.8477115665310062, 0.9655470274984346, 0.9579852000408796, 1.0, 0.9486237444394832, 0.9783922702337652, 0.8087804002933616, 0.9273902010033944, 0.9644054567038868, 0.9839973922525792, 0.8773388052570682, 0.9569731373141271, 0.9213420790368666, 1.0, 0.9417943094693, 0.8654174760200084, 1.0, 1.0, 0.9502736556811797, 0.8931541920554997, 0.9220682538251074, 0.9091402679402428, 1.0, 1.0, 0.9545560968773538, 0.9177935927966456, 1.0, 0.9778542023891617, 0.9122340317581068, 0.8593206083633617, 0.9293062684314879, 0.9759891938577088, 0.9896403923731371, 0.797092799611773, 0.9405085617727429, 0.9784971449784323, 1.0, 0.9977785827379375, 0.8437055659665307, 0.9497316063390232, 0.7382764618922488, 0.9762178469051096, 0.8464112940642075, 0.9127803777827292],