{"apls": [["100.txt", 0.765231], ["109.txt", 0.543079], ["11.txt", 0.23297], ["111.txt", 0.547622], ["112.txt", 0.478051], ["138.txt", 0.322258], ["140.txt", 0.240965], ["145.txt", 0.511968], ["15.txt", 0.67004], ["171.txt", 0.958362], ["19.txt", 0.415413], ["198.txt", 0.255488], ["199.txt", 0.312364], ["2.txt", 0.316603], ["200.txt", 0.481889], ["205.txt", 0.45399], ["210.txt", 0.181913], ["224.txt", 0.113486], ["226.txt", 0.315198], ["253.txt", 0.569857], ["255.txt", 0.619212], ["291.txt", 0.245623], ["293.txt", 0.618808], ["304.txt", 0.432094], ["330.txt", 0.631703], ["357.txt", 0.440023], ["37.txt", 0.268695], ["370.txt", 0.439427], ["376.txt", 0.66072], ["58.txt", 0.405936], ["70.txt", 0.104798], ["72.txt", 0.351204], ["88.txt", 0.254429], ["90.txt", 0.403156], ["92.txt", 0.599778]], "final_APLS": 0.4332100857142857, "n_evaluated": 35, "n_total": 39, "n_skipped": 0, "n_failed": 0}