{"apls": [["100.txt", 0.735758], ["109.txt", 0.42368], ["11.txt", 0.345574], ["111.txt", 0.663825], ["112.txt", 0.626087], ["138.txt", 0.558695], ["140.txt", 0.194021], ["145.txt", 0.498846], ["15.txt", 0.386116], ["171.txt", 0.914424], ["19.txt", 0.450677], ["198.txt", 0.372823], ["199.txt", 0.529042], ["2.txt", 0.246549], ["200.txt", 0.461322], ["205.txt", 0.349039], ["210.txt", 0.519423], ["224.txt", 0.160695], ["226.txt", 0.26013], ["253.txt", 0.677149], ["255.txt", 0.590358], ["291.txt", 0.286647], ["293.txt", 0.466379], ["304.txt", 0.94478], ["330.txt", 0.43543], ["357.txt", 0.502195], ["37.txt", 0.233521], ["370.txt", 0.561191], ["376.txt", 0.677492], ["58.txt", 0.518555], ["70.txt", 0.086574], ["72.txt", 0.236827], ["88.txt", 0.050893], ["90.txt", 0.424982], ["92.txt", 0.505077]], "final_APLS": 0.4541364571428572, "n_evaluated": 35, "n_total": 39, "n_skipped": 0, "n_failed": 0}