{"mean topo": [0.6080570505937234, 0.8633989163884731, 0.4692738540919749], "prec": [0.7560282100745558, 0.8570324084637925, 0.7258220202496635, 0.8674689758208762, 0.7738554226805409, 0.9212119882567505, 0.9881081081081082, 0.8370919717117571, 0.9651956750861056, 0.8448104727811282, 0.9120845506181029, 0.8655773557054541, 0.9746969696969696, 0.9932566408826529, 0.9087105616346143, 0.8329504423461712, 0.8902300671283229, 0.7368906003102128, 0.8210206702591223, 0.8291239835660951, 0.8695606703146089, 0.9160081723955599, 1.0, 0.8452324848082087, 0.8269196640837926, 0.9044374935432549, 0.7520078200893752, 0.9051304345063386, 0.9008544993230482, 0.8795418982351693, 0.7571992362264258, 1.0, 0.8024330676541599, 0.9108553104285566, 0.6476142266070596], "recall": [0.3354594104037707, 0.5278911842671811, 0.5280640114764402, 0.47477943325607, 0.12830289467186198, 0.7533961540272768, 0.6501043020983214, 0.8081739298407996, 0.47351610463199933, 0.10357305693429014, 0.30272368584586085, 0.31378134556624576, 0.2797793937672918, 0.8256534456678332, 0.47377036618287016, 0.8316769169497675, 0.2957974026180782, 0.18558393191028325, 0.6407546766840001, 0.5846282305190196, 0.2860092427183659, 0.31873580446866817, 0.5757356914801, 0.2809868512246165, 0.42448649247499637, 0.6534494411169008, 0.40731907201430856, 0.4953439620113307, 0.3532938141269952, 0.2659993297249818, 0.4452193697968965, 0.6960524743616341, 0.42653991889035703, 0.48056366330943423, 0.7974398881802736], "f1": 0.6080570505937234}