{"apls": [["100.txt", 0.903153], ["109.txt", 0.870034], ["11.txt", 0.451681], ["111.txt", 0.67898], ["112.txt", 0.766793], ["138.txt", 0.662898], ["140.txt", 0.714998], ["145.txt", 0.533711], ["15.txt", 0.745519], ["171.txt", 0.927463], ["19.txt", 0.39274], ["198.txt", 0.367823], ["199.txt", 0.559432], ["2.txt", 0.500499], ["200.txt", 0.483068], ["205.txt", 0.540173], ["210.txt", 0.574352], ["224.txt", 0.50617], ["226.txt", 0.772495], ["253.txt", 0.789007], ["255.txt", 0.617255], ["291.txt", 0.601696], ["293.txt", 0.828713], ["304.txt", 0.752479], ["330.txt", 0.678168], ["357.txt", 0.607811], ["37.txt", 0.504168], ["370.txt", 0.488152], ["376.txt", 0.668206], ["58.txt", 0.64159], ["70.txt", 0.16738], ["72.txt", 0.348595], ["88.txt", 0.038061], ["90.txt", 0.633798], ["92.txt", 0.625693]], "final_APLS": 0.5983643999999998, "n_evaluated": 35, "n_total": 39, "n_skipped": 0, "n_failed": 0}