{"mean topo": [0.7549731833132167, 0.8628288380328989, 0.6710858568028869], "prec": [0.9949695984162896, 0.5463402256764951, 0.9054341123206148, 0.9931916807215851, 0.9657889426957224, 0.7807473050971335, 0.8516906719259387, 0.8587437363001348, 0.8457494039774445, 0.8466265552705005, 0.8375712766635391, 0.9707128429996648, 0.9873143558502667, 0.9910323970047621, 0.8236577886566943, 0.5433077793568665, 1.0, 0.9333051474548971, 0.65527457789813, 0.9334123551248742, 0.820440620637182, 0.7180913549157307, 0.9515213419488543, 0.8767367253164515, 0.8917441101576189, 0.826524874288526, 0.7475618497435254, 0.884055928100405, 0.8658683113729103, 0.7235319633832407, 0.9451892233574694, 0.860495608311265, 0.9828179648972222, 0.9021724094424286, 0.9373862918670793], "recall": [0.8684741685162817, 0.8094628983888684, 0.5352967077433453, 0.7705461757206765, 0.5735489517272508, 0.5463791095540959, 0.6905055085034721, 0.6910536986853367, 0.585122943232152, 0.9653112912650184, 0.6838812948534284, 0.5266149789366927, 0.7605138445150288, 0.9718866066017444, 0.880893954815733, 0.5903831161349847, 0.5368128288531058, 0.8704860239293158, 0.6174331610106192, 0.5607586187592939, 0.7715372212451517, 0.6640010322118916, 0.5348188889456575, 0.6392791586676395, 0.5862939382621827, 0.6157113853128262, 0.5594330741730247, 0.6368297039769587, 0.5611028812412279, 0.6209072784222557, 0.6224284470024661, 0.9568657756796479, 0.7053784719482264, 0.4343631373192882, 0.5436887119461539], "f1": 0.7549731833132167}