{"mean topo": [0.7009382423005807, 0.9645940818103749, 0.5504750039071745], "prec": [0.918059615588426, 0.9846153846153847, 0.882169538158913, 0.8453282596319035, 0.9437783053492206, 0.9878396737369306, 0.9230756744653001, 0.9863283116309108, 0.9588048017297016, 0.993284744591324, 0.8902831697588081, 0.9529670089196572, 1.0, 0.9026997515585583, 0.9637949155519677, 0.9377880785170818, 0.879930485974398, 1.0, 0.9712994350282486, 0.9209606724101406, 0.96436124836479, 0.9634125134125134, 0.9886016451233841, 0.9596728265588507, 0.9885612846566094, 0.8948512173030125, 0.9696907509363627, 0.9179543354896484, 0.9615453347878418, 0.977220415807577, 0.8634608998523898, 0.9702667964136762, 0.883001432150534, 0.9789484634658348, 1.0, 1.0, 0.9647565659711409, 0.9580689647861201, 0.7321754233608339, 0.9387543436598951, 1.0, 1.0, 0.9755527284698087, 1.0, 0.8999246891543066, 0.9904744222314356, 0.9224121554716068, 0.976036866359447, 0.9245476577140078, 1.0, 0.9755623401242496, 0.980852395131143, 0.960459274320337, 0.9673498035205207, 0.9710543114602694, 0.9152915154534026, 0.973523556118329, 0.9622292185504755, 1.0, 0.9883957898470843, 0.9996498599439777, 0.9840653483170573, 0.976872640022204, 1.0, 1.0, 1.0, 0.9961614739939864, 0.974823594003647, 0.9984445323387631, 0.9610184372256365, 0.9883353948968825, 0.9823630006303304, 0.9817556615744237, 0.9027123653230135, 1.0, 0.9496830526775046, 0.9967532467532468, 0.9799127949717746, 1.0, 0.9589161976410603, 0.9811150706269056, 0.9468236554160805, 1.0, 0.9983392901094766, 0.9591395786732032, 0.9573049503797426, 0.9786309412986295, 0.9706326064681224, 0.9983886483886483, 0.9570967546950679, 1.0, 0.9400642739902979, 0.9995285242809996, 0.9177655694310202, 0.9516500500854674, 0.9315240240240239, 0.9793199707073383, 1.0, 1.0, 1.0, 0.9767489049060742, 0.9430912443399423, 0.9230607953936864, 0.9914726716165605, 0.9136020744344673, 1.0, 0.9220985363842507, 0.9877872114726126, 1.0, 0.8993401561329043, 0.8654072109253749, 0.9534058550956612, 0.9688541330153075, 0.9988588983980689, 0.9833128205915205, 1.0, 0.9043194470866349, 0.92817453568505, 0.9957062147938145, 0.9864067377705289, 1.0, 0.9472581185988544, 0.9499453443237391, 0.9529415573770043, 0.9745263065494745, 0.9343845077673847, 1.0, 0.9806149732620321, 1.0, 1.0, 0.9680369067263034, 0.94090217453763, 1.0, 0.9887315429335803, 0.9179429501271995, 0.99002639002639, 0.9106076281824125, 0.9320391538896563, 0.9534492281330352, 0.99921875, 0.9742619431025228, 0.9951596819896402, 0.8862841865130751, 0.9162900856688139, 1.0, 0.8939940051335573, 1.0, 0.9728442233276995, 0.9358746027021361, 0.9716854772597409, 0.9812736303654829, 1.0, 0.9602775662965272, 0.9723765423648847, 0.9344663571283532, 0.9432849019766187, 1.0, 0.9434612235469023, 0.9174383461247037, 0.9444351222314724, 0.9889196675900278, 0.9235132703553757, 0.9145876645876646, 0.9995904995904995, 0.9850191806881933, 0.9579812945817919, 0.919930166785437, 1.0, 0.9958500991862222, 0.9992816984209784, 1.0, 0.9499911697015766, 0.9825691549829482, 0.9804005866443136, 0.9607692307692308, 1.0, 0.9681936261841817, 0.8996940520016766, 0.9996392496392497, 0.9920035902016651, 1.0, 0.9434431872625946, 0.9921311885838486, 0.9982193732193735, 1.0, 0.9781868024811844, 0.9689667059028672, 0.9536537494682293, 0.9750134263391785, 0.9844246164334371, 0.9929714050033341, 0.9509340765974235, 0.9662910783802805, 0.9650415586472986, 0.9994063193125523, 0.9817874175682907, 0.9848076536975188, 0.951767297030455, 0.9978398980529519, 0.9125303724719449, 0.9783504915202227, 0.9904553553428315, 0.9993873517786561, 0.9971365609849869, 0.9561403508771931, 0.9574468085106382, 0.9802721088435374, 0.8873893231130907, 0.993933239900931, 0.9606520289465503, 1.0, 0.9869570715137578, 0.9997499999999999, 0.9683462223853722, 0.9803921568627452, 0.9423187985622894, 0.9985875706214689, 0.9788749441689271, 0.9650265167768545, 0.9949336229321238, 1.0, 0.9821428571428571, 1.0, 0.9332823185603157, 1.0, 1.0, 1.0, 0.9517075424804688, 0.9595340950513326, 0.9404853128991061, 0.9326264373868687, 0.987870146935402, 0.890773339114153, 0.9995501574448943, 0.9410321393824116, 0.9904111949476457, 0.976023526207163, 1.0, 0.9740341464739287, 0.8524750976631307, 0.9800638797625613, 1.0, 0.8173173173173174, 0.9913588530841365, 0.9799905455097019, 0.8993866205435554, 0.9680715197956578, 0.9693627450980392, 0.9376279617438876, 0.947127959850571, 0.9927312916312395, 0.9952580811552866, 0.9665171460938132, 0.9966101694915255, 0.9876673322476216, 0.9632998382998383, 0.9841137174470507, 0.9566918491691286, 0.8806227927879388, 0.9958801766320563, 0.9780911007506577, 0.9288257579748191, 1.0, 0.9348653312552873, 0.9922186891289998, 0.9334104251867014, 0.9953963906605785, 0.7373172422900881, 0.9875168690958166, 1.0, 0.8895490801649278, 0.9371300183078664, 0.998288852258038, 0.9986141906873615, 0.9744577769434598, 0.9965549628210745, 0.948056139667733, 0.9653398609337307, 1.0, 0.953787135303916, 0.8998220778733406, 0.9670120460355048, 0.9941962588239184, 0.9754172965283586, 0.9758167511226465, 0.9479072862790813, 0.9449868534807567, 1.0, 0.8786476556245196, 0.9825307818457091, 0.874742033250838, 0.9500637101767422, 1.0, 0.9190548237217212, 0.9928120670806265, 0.9585020554321717, 0.9528548304737224, 0.9647278104598692, 1.0, 0.9993609179002438, 0.9534282726990935, 0.9810525837777265, 0.9655061315055192, 0.9166985142607812, 0.9986379417066132, 0.8763371794236187, 0.9910668957501951, 0.9698610914987695, 1.0, 0.9568064601010743, 0.990836236933798, 0.9612206579908956, 0.9268272643527413, 0.9857616236926581, 0.9410621703955473, 0.982346267732735, 0.9644433552488263, 0.9988808283730158, 0.9410443689989145, 1.0, 0.8892964619069756, 1.0, 0.9270355671689943, 0.98945953285564, 0.9995210173083714, 0.9665906307174184, 0.9069588860800546, 1.0, 0.9860679217482675, 1.0, 0.9799644502938548, 0.9713384743679658, 0.9503706994697979, 0.9333222169697979, 0.9927272727272727, 0.9888897925462926, 1.0, 0.9943794948114241, 0.9838869843771804, 0.9573317249605154, 0.9544951176917931, 0.9924131893046289, 0.9876344084971116, 0.9083949858468083, 0.93789182424078, 0.9632618358677971, 0.999198717948718, 1.0, 0.9039294099146793, 1.0, 1.0, 0.9928364788538366, 0.8999846317124649, 0.9382122135782317, 0.9597325654661614, 0.9990379990379991, 1.0, 0.9497201811053761, 0.9799557106768776, 1.0, 0.9786369386625141, 0.9535593034559395, 0.9265278468705606, 0.9582347859692194, 0.9909432269482945, 1.0, 0.9811259862874399, 0.9825719598344068, 0.9776331141778869, 1.0, 0.9990820875950694, 0.8901098901098901, 0.9851041966953499, 0.979639929012873, 0.9398175198083167, 0.9748282033862876, 0.9408201719620993],