{"apls": [["100.txt", 0.447601], ["109.txt", 0.563817], ["11.txt", 0.143606], ["111.txt", 0.412568], ["112.txt", 0.648478], ["138.txt", 0.322803], ["140.txt", 0.13347], ["145.txt", 0.539564], ["15.txt", 0.652057], ["171.txt", 0.607936], ["19.txt", 0.406397], ["198.txt", 0.323146], ["199.txt", 0.512913], ["2.txt", 0.109859], ["200.txt", 0.323954], ["205.txt", 0.395327], ["210.txt", 0.292511], ["224.txt", 0.195296], ["226.txt", 0.231302], ["253.txt", 0.785712], ["255.txt", 0.612212], ["291.txt", 0.187227], ["293.txt", 0.367478], ["304.txt", 0.915962], ["330.txt", 0.355243], ["357.txt", 0.442968], ["37.txt", 0.246849], ["370.txt", 0.817371], ["376.txt", 0.899371], ["58.txt", 0.5603], ["70.txt", 0.27349], ["72.txt", 0.046165], ["88.txt", 0.471631], ["90.txt", 0.202052], ["92.txt", 0.290688]], "final_APLS": 0.4210664, "n_evaluated": 35, "n_total": 39, "n_skipped": 0, "n_failed": 0}