{"mean topo": [0.6068705938376003, 0.8948078963179804, 0.45912898227003945], "prec": [0.8797614783729955, 0.6114859683400021, 0.9326441387898947, 0.9687192898778868, 0.8119263918913912, 0.9843568630247121, 0.9983333333333333, 0.9171419876801977, 0.9814138074344992, 0.8606734450052421, 0.9616631054131054, 0.9351854256840127, 0.8972014224369297, 0.9676353276353277, 0.9199801570994419, 0.9404115373178709, 0.985431558787754, 0.7357233788517366, 0.8773105316236441, 0.8560365579056595, 0.7888925657696647, 0.902626608081652, 0.9555555555555555, 0.9354695260691962, 0.8820637494435984, 0.9428610222061279, 0.8963628501043038, 0.9160691538645478, 0.9157473079999829, 0.9565976849129667, 0.7616554108379663, 0.9779411764705883, 0.9772006494432102, 0.9243488352081989, 0.5618485686561175], "recall": [0.2122941871929027, 0.6003147039196398, 0.4844465520096953, 0.3656235553994634, 0.08587303033999187, 0.839052237505718, 0.5708697099122018, 0.9685628126836102, 0.29228243913074764, 0.052965299032330534, 0.31493316535447435, 0.27442217801152213, 0.2732034668188595, 0.7108508307318661, 0.38843876369313507, 0.8526885124373959, 0.2890158383373178, 0.2734860801197319, 0.7366975889451365, 0.6952220035458723, 0.2938785817703479, 0.3664203345152091, 0.44813493420832373, 0.23258124628325583, 0.2669777351041873, 0.506597399807054, 0.3675801608757331, 0.36662030554942643, 0.5054599654163103, 0.2634389798709775, 0.5073417856656662, 0.6695488002682587, 0.802824505717291, 0.37877176855324907, 0.8120949207244765], "f1": 0.6068705938376003}