{"apls": [["100.txt", 0.752902], ["109.txt", 0.392878], ["11.txt", 0.364972], ["111.txt", 0.59694], ["112.txt", 0.685513], ["138.txt", 0.599369], ["140.txt", 0.188176], ["145.txt", 0.494811], ["15.txt", 0.23852], ["171.txt", 0.862543], ["19.txt", 0.595726], ["198.txt", 0.375564], ["199.txt", 0.523261], ["2.txt", 0.21995], ["200.txt", 0.359728], ["205.txt", 0.191967], ["210.txt", 0.538573], ["224.txt", 0.154978], ["226.txt", 0.254531], ["253.txt", 0.706331], ["255.txt", 0.601039], ["291.txt", 0.387149], ["293.txt", 0.606136], ["304.txt", 0.943263], ["330.txt", 0.471978], ["357.txt", 0.478414], ["37.txt", 0.460117], ["370.txt", 0.543371], ["376.txt", 0.715801], ["58.txt", 0.492686], ["70.txt", 0.33334], ["72.txt", 0.33554], ["88.txt", 0.20371], ["90.txt", 0.405108], ["92.txt", 0.559905]], "final_APLS": 0.47527971428571425, "n_evaluated": 35, "n_total": 39, "n_skipped": 0, "n_failed": 0}