{"apls": [["100.txt", 0.706274], ["109.txt", 0.551137], ["11.txt", 0.338078], ["111.txt", 0.631274], ["112.txt", 0.56624], ["138.txt", 0.436276], ["140.txt", 0.205307], ["145.txt", 0.522137], ["15.txt", 0.505232], ["171.txt", 0.950556], ["19.txt", 0.414295], ["198.txt", 0.241537], ["199.txt", 0.546629], ["2.txt", 0.357215], ["200.txt", 0.429405], ["205.txt", 0.426979], ["210.txt", 0.189404], ["224.txt", 0.226256], ["226.txt", 0.181539], ["253.txt", 0.569509], ["255.txt", 0.621829], ["291.txt", 0.321386], ["293.txt", 0.554375], ["304.txt", 0.757579], ["330.txt", 0.540136], ["357.txt", 0.503738], ["37.txt", 0.3748], ["370.txt", 0.504092], ["376.txt", 0.661436], ["58.txt", 0.476813], ["70.txt", 0.121289], ["72.txt", 0.273936], ["88.txt", 0.038061], ["90.txt", 0.311457], ["92.txt", 0.552833]], "final_APLS": 0.4459725428571429, "n_evaluated": 35, "n_total": 39, "n_skipped": 0, "n_failed": 0}