{"mean topo": [0.6207005648198034, 0.8818968249651004, 0.4788707625816519], "prec": [0.8555659563868194, 0.8091984744026315, 0.838164050903779, 0.8820678936898206, 0.8113352649207547, 0.9260508370523046, 0.9790849425042074, 0.8562442284174244, 0.9477934700025489, 0.8249674719756536, 0.9850603590174072, 0.819858486869118, 0.9283746556473829, 0.991569041034267, 0.9020856209885703, 0.8693630138039445, 0.9494667358155467, 0.7907350116351444, 0.8736659427558372, 0.9159397272688847, 0.7592955623967147, 0.9400116269771123, 1.0, 0.8940646420221777, 0.8480116740337977, 0.9977041678528852, 0.8528517848525936, 0.9058381048924058, 0.8509155758175967, 0.8867386331420223, 0.9089522486693222, 1.0, 0.806895188493982, 0.9366189252642911, 0.5218995542715604], "recall": [0.289317736557915, 0.5263489065803553, 0.47801848922811907, 0.37823827158176565, 0.12183913124356918, 0.6111973542354827, 0.5774505824852889, 0.954463883450653, 0.4740764695132268, 0.08963997612446838, 0.36426347436722545, 0.379184563052479, 0.21354789831382862, 0.8564085009157527, 0.4688676487416535, 0.8780976160513433, 0.43139859539308434, 0.3388448880987975, 0.8914270964239603, 0.5746579931177006, 0.2797336912167777, 0.35475835104396103, 0.5313344279410982, 0.29916879516444694, 0.4042389066975004, 0.6198454250587013, 0.41318111741013436, 0.46580192912022333, 0.4323161327500304, 0.2317405930687832, 0.4534554165173933, 0.6789881486856961, 0.44649849155422106, 0.46583131976593745, 0.7862948688862409], "f1": 0.6207005648198034}