{"apls": [["100.txt", 0.772591], ["109.txt", 0.761949], ["11.txt", 0.408147], ["111.txt", 0.786495], ["112.txt", 0.659409], ["138.txt", 0.670908], ["140.txt", 0.603499], ["145.txt", 0.502958], ["15.txt", 0.573462], ["171.txt", 0.913269], ["19.txt", 0.741657], ["198.txt", 0.56755], ["199.txt", 0.535482], ["2.txt", 0.459027], ["200.txt", 0.471209], ["205.txt", 0.642952], ["210.txt", 0.623813], ["224.txt", 0.333254], ["226.txt", 0.476952], ["253.txt", 0.679592], ["255.txt", 0.573619], ["291.txt", 0.595566], ["293.txt", 0.524725], ["304.txt", 0.943987], ["330.txt", 0.59954], ["357.txt", 0.475434], ["37.txt", 0.353982], ["370.txt", 0.496081], ["376.txt", 0.661636], ["58.txt", 0.707566], ["70.txt", 0.351118], ["72.txt", 0.419246], ["88.txt", 0.259752], ["90.txt", 0.602389], ["92.txt", 0.654025]], "final_APLS": 0.5829383142857143, "n_evaluated": 35, "n_total": 39, "n_skipped": 0, "n_failed": 0}