{"apls": [["100.txt", 0.724519], ["109.txt", 0.68332], ["11.txt", 0.388758], ["111.txt", 0.599742], ["112.txt", 0.650461], ["138.txt", 0.641938], ["140.txt", 0.470571], ["145.txt", 0.556466], ["15.txt", 0.775557], ["171.txt", 0.929407], ["19.txt", 0.693805], ["198.txt", 0.478036], ["199.txt", 0.552393], ["2.txt", 0.36716], ["200.txt", 0.534994], ["205.txt", 0.523511], ["210.txt", 0.398787], ["224.txt", 0.491973], ["226.txt", 0.541571], ["253.txt", 0.697225], ["255.txt", 0.628984], ["291.txt", 0.623855], ["293.txt", 0.74871], ["304.txt", 0.445843], ["330.txt", 0.771732], ["357.txt", 0.530989], ["37.txt", 0.400982], ["370.txt", 0.476412], ["376.txt", 0.656004], ["58.txt", 0.608799], ["70.txt", 0.355259], ["72.txt", 0.552721], ["88.txt", 0.255409], ["90.txt", 0.508237], ["92.txt", 0.718964]], "final_APLS": 0.5709455428571429, "n_evaluated": 35, "n_total": 39, "n_skipped": 0, "n_failed": 0}