{"mean topo": [0.7728158702915082, 0.8425320316649475, 0.7137554563204492], "prec": [0.9613809040717082, 0.6655094129376546, 0.8356119615733598, 0.917016170281065, 0.9244996548352008, 0.7718752560653215, 0.8176678402957407, 0.8049843681626646, 0.8631223756311744, 0.830556625543667, 0.851125002085152, 0.8402823341709337, 0.9515367769457039, 0.9946835718490425, 0.7993360323307139, 0.5591205238783976, 1.0, 0.8668621700814173, 0.6092576970590847, 0.8961898066142275, 0.8630469958439135, 0.7467745791067859, 0.9456764536864443, 0.8168519974089528, 0.8410723723336094, 0.8081079906885803, 0.7728867215873343, 0.7936383739024275, 0.8509610540698622, 0.7466216588311608, 0.9164084972072406, 0.9306895178289377, 0.9816434824681397, 0.8877242952712734, 0.8258986336262716], "recall": [0.9049861745044903, 0.8179686347959767, 0.5475023974597083, 0.777328292097925, 0.7564325912742402, 0.6012245789065861, 0.5201720214310127, 0.788467429287251, 0.7790993205351578, 0.9654697569682648, 0.6343962701159985, 0.6411184135518646, 0.7838245760932808, 0.9480653579934379, 0.6581756156074534, 0.5900653276831516, 0.8537330457582349, 0.8097854095353099, 0.6096748172172441, 0.6146682028274362, 0.7287062110190503, 0.6216414215742506, 0.7401227210779204, 0.846261792831216, 0.7531237576133751, 0.7774770732176625, 0.6123613159620934, 0.6877310300726894, 0.5582460441850906, 0.7749526314046022, 0.6116617253909271, 0.8261339605870013, 0.7495410961820516, 0.560166566341249, 0.5311553901125164], "f1": 0.7728158702915082}