{"mean topo": [0.7574897728687058, 0.8399995416676168, 0.6897394474055089], "prec": [0.8057866253653928, 0.7522064615409514, 0.8698209551152437, 0.8308544826854659, 0.8232677114417728, 0.944096965565243, 0.9408751596657271, 0.9720320387679792, 0.8694716351407454, 0.9010410655110174, 0.8981132408045934, 0.7571539076963466, 0.8027990732182666, 0.9573726719409591, 0.8871890550309597, 0.8345681618134452, 0.9341925826597691, 0.7601828542268442, 0.8221337618920301, 0.8701014940427029, 0.8118409411176599, 0.9157571677016759, 0.9335685929307809, 0.817084253022371, 0.6221075706758757, 0.922616303739252, 0.6865956697069932, 0.7792712462525353, 0.5017039510017367, 0.9744451662751871, 0.8495395180225287, 0.9951408912188728, 0.914489534300472, 0.9052016440324623, 0.5373616042427306], "recall": [0.6471464796395573, 0.7112401422964182, 0.7159060747705253, 0.6183290956627822, 0.6151136451086459, 0.6829709780531683, 0.6898793342411186, 0.9775049446559709, 0.6152251961021228, 0.5284128442145846, 0.7572799230740991, 0.633949178101037, 0.621984410603139, 0.8380068401974559, 0.5924585587428396, 0.8870827913858105, 0.6848952460104162, 0.556356597552971, 0.9197035710136977, 0.8644658913013404, 0.6644170875452935, 0.5252581047711153, 0.8548749662156059, 0.6236999916103305, 0.7616063421755603, 0.793366706015649, 0.4714098528807018, 0.7871104721032254, 0.5815946070214351, 0.545280629193719, 0.8643180220635773, 0.738267623719087, 0.3411190410123796, 0.5392828316254558, 0.8913626385119741], "f1": 0.7574897728687058}