{"apls": [["100.txt", 0.913409], ["109.txt", 0.918273], ["11.txt", 0.40764], ["111.txt", 0.601708], ["112.txt", 0.735908], ["138.txt", 0.691409], ["140.txt", 0.639459], ["145.txt", 0.512247], ["15.txt", 0.358942], ["171.txt", 0.635286], ["19.txt", 0.772068], ["198.txt", 0.769206], ["199.txt", 0.520281], ["2.txt", 0.385418], ["200.txt", 0.369779], ["205.txt", 0.635436], ["210.txt", 0.594181], ["224.txt", 0.331266], ["226.txt", 0.578752], ["253.txt", 0.709412], ["255.txt", 0.602911], ["291.txt", 0.612172], ["293.txt", 0.736915], ["304.txt", 0.946008], ["330.txt", 0.554624], ["357.txt", 0.458928], ["37.txt", 0.594465], ["370.txt", 0.478777], ["376.txt", 0.751061], ["58.txt", 0.426323], ["70.txt", 0.454903], ["72.txt", 0.377541], ["88.txt", 0.299163], ["90.txt", 0.586173], ["92.txt", 0.563629]], "final_APLS": 0.586390657142857, "n_evaluated": 35, "n_total": 39, "n_skipped": 0, "n_failed": 0}