{"mean topo": [0.7723589621231021, 0.8609290967911031, 0.7003126296767265], "prec": [0.7879620633624714, 0.7827893987709735, 0.9353877199385798, 0.8701268660255809, 0.8121846669836303, 0.9643939231652577, 0.9696137298587783, 0.9711870456902906, 0.9291469930608194, 0.9362301841386016, 0.9231664799310256, 0.7692238853755456, 0.8707029111786914, 0.9992592592592593, 0.8938929054155629, 0.8123745503807372, 0.9349078093527289, 0.7944401022838251, 0.8763364092535534, 0.8938840089629873, 0.903904936050446, 0.9567902815952342, 0.9830321491675263, 0.8574515630405158, 0.6630930621398569, 0.9763676068016488, 0.6992454793257009, 0.8170992290949158, 0.5195884138597705, 0.9792610521156956, 0.8493623593385785, 0.8459834422509813, 0.9374764442961898, 0.9137556059351903, 0.5028958502874518], "recall": [0.6534727407429983, 0.7589313708143254, 0.7103419293793662, 0.8256384054833494, 0.5809988275082193, 0.6749420187689433, 0.6322479939104314, 0.970686173579151, 0.5203436096896947, 0.5412776509154491, 0.814772908388783, 0.5990002555138325, 0.5980025099077311, 0.8075411353531494, 0.6237063714470996, 0.9672127172967183, 0.760773278869528, 0.54267191503546, 0.9843017052621652, 0.8431115076241791, 0.793530074421056, 0.5393482374827616, 0.5622708565285468, 0.6901087794167116, 0.6769221740735921, 0.903634794975284, 0.7166795283645347, 0.753949890041395, 0.49165633801035563, 0.5651936793697114, 0.7669335330182397, 0.6546080858758947, 0.32258501198413536, 0.7433812892477872, 0.9201647403848479], "f1": 0.7723589621231021}