{"apls": [["100.txt", 0.800666], ["109.txt", 0.824428], ["11.txt", 0.397919], ["111.txt", 0.602142], ["112.txt", 0.826898], ["138.txt", 0.662183], ["140.txt", 0.709058], ["145.txt", 0.515068], ["15.txt", 0.466836], ["171.txt", 0.892991], ["19.txt", 0.748591], ["198.txt", 0.441952], ["199.txt", 0.531252], ["2.txt", 0.577528], ["200.txt", 0.412821], ["205.txt", 0.450286], ["210.txt", 0.742522], ["224.txt", 0.453264], ["226.txt", 0.740254], ["253.txt", 0.71453], ["255.txt", 0.603553], ["291.txt", 0.564245], ["293.txt", 0.881873], ["304.txt", 0.963224], ["330.txt", 0.548626], ["357.txt", 0.590644], ["37.txt", 0.559299], ["370.txt", 0.797842], ["376.txt", 0.841722], ["58.txt", 0.628528], ["70.txt", 0.415566], ["72.txt", 0.348353], ["88.txt", 0.25936], ["90.txt", 0.638917], ["92.txt", 0.559665]], "final_APLS": 0.6203601714285714, "n_evaluated": 35, "n_total": 39, "n_skipped": 0, "n_failed": 0}