{"mean topo": [0.7713893496103371, 0.8608932732150792, 0.6987435404180731], "prec": [0.7187659083148684, 0.7667468202845173, 0.8964796860863948, 0.8538394318029007, 0.8351401628134825, 0.9638064968432661, 0.95635215640138, 0.9708413079281814, 0.8778759238431847, 0.9256126905162979, 0.9135562227908552, 0.7157107784868497, 0.8550876700565229, 0.9939283801411907, 0.8945391025321, 0.8140025189607941, 0.9149148710102839, 0.8013467676735521, 0.9265110906869451, 0.8802718471708566, 0.8962512000543889, 0.9613618706427075, 0.9930934414985452, 0.8571326179473625, 0.7281661559277652, 0.9721722237888462, 0.828430106912239, 0.785319771107203, 0.6000781262442201, 0.9939467849223945, 0.8675449748694763, 0.8050806432719904, 0.8968665569385497, 0.9525740098262651, 0.5179162442314016], "recall": [0.5916245059149251, 0.5650688550797005, 0.6424637580591912, 0.6326830723956348, 0.5581235166148292, 0.9679432345384732, 0.6482949652947807, 0.9386564874819495, 0.5140804697751981, 0.4675269630033174, 0.7403486964693811, 0.5536453331562017, 0.5010317869746522, 0.9144970732154802, 0.7780511934059869, 0.9673493252269668, 0.6052845605395666, 0.6498950109818517, 0.854416066992071, 0.873354299801006, 0.8151095728048432, 0.6268889194969477, 0.5570232966335058, 0.6371329934531801, 0.6916006733897704, 0.7057560244318635, 0.659341210895239, 0.7340536542230852, 0.5505378638542049, 0.6202521125246866, 0.745259618660084, 0.7965688107938247, 0.8310773453095612, 0.6231893177672075, 0.897893325473391], "f1": 0.7713893496103371}