{"apls": [["100.txt", 0.629902], ["109.txt", 0.497909], ["11.txt", 0.220046], ["111.txt", 0.620545], ["112.txt", 0.553966], ["138.txt", 0.376859], ["140.txt", 0.101445], ["145.txt", 0.49534], ["15.txt", 0.458298], ["171.txt", 0.965564], ["19.txt", 0.447816], ["198.txt", 0.126706], ["199.txt", 0.272448], ["2.txt", 0.211798], ["200.txt", 0.555802], ["205.txt", 0.329194], ["210.txt", 0.530425], ["224.txt", 0.133295], ["226.txt", 0.414474], ["253.txt", 0.556365], ["255.txt", 0.61417], ["291.txt", 0.502819], ["293.txt", 0.651631], ["304.txt", 0.867962], ["330.txt", 0.465454], ["357.txt", 0.330896], ["37.txt", 0.234783], ["370.txt", 0.540264], ["376.txt", 0.656295], ["58.txt", 0.252837], ["70.txt", 0.228839], ["72.txt", 0.14621], ["88.txt", 0.312884], ["90.txt", 0.2872], ["92.txt", 0.418941]], "final_APLS": 0.4288394857142857, "n_evaluated": 35, "n_total": 39, "n_skipped": 0, "n_failed": 0}