{"mean topo": [0.5889198938865223, 0.885922535051059, 0.44105697961648466], "prec": [0.8399968160726512, 0.8308346193702548, 0.8418271506726182, 0.9240445301542778, 0.7713761737967237, 0.9082302191840613, 0.9949071648914498, 0.8993808292080668, 0.9726717658199036, 0.8042084684812348, 0.8794916355876198, 0.887281977698554, 0.8262246348912942, 0.9749462494097216, 0.9512833441133272, 0.930719703944856, 0.8665883553804586, 0.6150287886680641, 0.9738194444444445, 0.8276763995591118, 0.8770035956437437, 0.8548979536401096, 0.9926217795505563, 0.9177968235950844, 0.8444084940631776, 0.8176198763951499, 0.9217282417110036, 0.8658017790000997, 0.9488420667340889, 1.0, 0.8911365068268008, 1.0, 0.96703173845724, 0.9756762553449254, 0.6121853444763939], "recall": [0.28370379412926244, 0.5309508164744682, 0.35812507596207366, 0.26073832647616685, 0.08518399119211202, 0.780791416929738, 0.6658424967473164, 0.7221625371709737, 0.330045387812453, 0.06428728523021672, 0.4068277186226156, 0.32030926367852247, 0.2701409883975981, 0.633410993424369, 0.49508860131696786, 0.7668181002369084, 0.31426356559349383, 0.19847749865053377, 0.8477502889236171, 0.5735524648498963, 0.29678589667056243, 0.3032164373159551, 0.5652528916400751, 0.2505887530902966, 0.36930367181161877, 0.5562355216307615, 0.49592168729802616, 0.36453509976519466, 0.4095055774125473, 0.23892866635934532, 0.5040175150442024, 0.49011944577301386, 0.4239873841850907, 0.4579333713306409, 0.8021917554303275], "f1": 0.5889198938865223}