{"apls": [["100.txt", 0.764341], ["109.txt", 0.777643], ["11.txt", 0.447529], ["111.txt", 0.694201], ["112.txt", 0.77624], ["138.txt", 0.594608], ["140.txt", 0.677706], ["145.txt", 0.505328], ["15.txt", 0.58999], ["171.txt", 0.914843], ["19.txt", 0.638098], ["198.txt", 0.563225], ["199.txt", 0.543313], ["2.txt", 0.407729], ["200.txt", 0.451915], ["205.txt", 0.500665], ["210.txt", 0.738469], ["224.txt", 0.468246], ["226.txt", 0.694407], ["253.txt", 0.674977], ["255.txt", 0.611722], ["291.txt", 0.561786], ["293.txt", 0.800509], ["304.txt", 0.908042], ["330.txt", 0.451392], ["357.txt", 0.589714], ["37.txt", 0.388234], ["370.txt", 0.818946], ["376.txt", 0.804715], ["58.txt", 0.674674], ["70.txt", 0.216909], ["72.txt", 0.315603], ["88.txt", 0.029086], ["90.txt", 0.629245], ["92.txt", 0.652494]], "final_APLS": 0.5964726857142858, "n_evaluated": 35, "n_total": 39, "n_skipped": 0, "n_failed": 0}