{"mean topo": [0.7601832916414779, 0.8448378727292197, 0.6909487348255035], "prec": [0.7021130849654832, 0.7708521442725493, 0.884568172322846, 0.960426105412798, 0.8241419177994054, 0.9333320990599137, 0.9410529943506041, 0.9722628716770512, 0.8671372118082402, 0.8612211993985901, 0.8957058508829102, 0.7747378181580429, 0.8177384410103276, 0.9571502449977854, 0.8909362938841656, 0.8344176129399931, 0.894177837614469, 0.8047894144874536, 0.8838753186368489, 0.8730702880016783, 0.8616179605660562, 0.9271417975831417, 0.941585601216039, 0.7993123650609432, 0.6122392030737615, 0.9387831824407767, 0.6199389602616906, 0.8105114426242932, 0.5635075775194076, 0.9803824419009832, 0.8506453687007732, 0.9613786489933955, 0.872794230466858, 0.9363262920236459, 0.5494535514097685], "recall": [0.6380854269799097, 0.6450918448893452, 0.6302285761434778, 0.6058971339494225, 0.5719187398983266, 0.9807503904810058, 0.7001010805434634, 0.9393105736371139, 0.5689513298924995, 0.514633857335323, 0.7409871430077255, 0.5781909958295708, 0.5256169266870699, 0.9683890874388561, 0.7569941659708488, 0.8879716802746993, 0.49001755119245566, 0.6927880496006387, 0.7999834808442747, 0.914175860290301, 0.7006680502829026, 0.6181572536594795, 0.7175287288302566, 0.5683240923208682, 0.5998017891189723, 0.6545389735362059, 0.5613694408816403, 0.7151241493569309, 0.48536193263390426, 0.559393529651272, 0.7468704507924679, 0.8597881942350639, 0.8568855712474814, 0.5006066034149571, 0.8887030640438889], "f1": 0.7601832916414779}