{"apls": [["100.txt", 0.686406], ["109.txt", 0.663463], ["11.txt", 0.438331], ["111.txt", 0.674496], ["112.txt", 0.817312], ["138.txt", 0.670423], ["140.txt", 0.449702], ["145.txt", 0.531628], ["15.txt", 0.76704], ["171.txt", 0.964807], ["19.txt", 0.453746], ["198.txt", 0.422856], ["199.txt", 0.515665], ["2.txt", 0.493323], ["200.txt", 0.576938], ["205.txt", 0.591056], ["210.txt", 0.43715], ["224.txt", 0.575979], ["226.txt", 0.487747], ["253.txt", 0.694583], ["255.txt", 0.616296], ["291.txt", 0.753938], ["293.txt", 0.805837], ["304.txt", 0.744473], ["330.txt", 0.787689], ["357.txt", 0.599891], ["37.txt", 0.541953], ["370.txt", 0.47121], ["376.txt", 0.622], ["58.txt", 0.702138], ["70.txt", 0.36832], ["72.txt", 0.365055], ["88.txt", 0.038061], ["90.txt", 0.516945], ["92.txt", 0.724882]], "final_APLS": 0.587752542857143, "n_evaluated": 35, "n_total": 39, "n_skipped": 0, "n_failed": 0}