{"mean topo": [0.7925494431628537, 0.8559698050939436, 0.7378786686250799], "prec": [0.7726239537131286, 0.7881991604052668, 0.8695241136400632, 0.776726250574831, 0.8609298570411936, 0.9183555951786934, 0.9686096516911268, 0.8560930241740209, 0.8639275662274909, 0.9265947873909475, 0.9898320098671786, 0.7154724290345876, 0.8375593315306663, 0.9925901516962535, 0.8855218865769394, 0.8622875176473074, 0.9305568072177847, 0.859977774403988, 0.7975806243683162, 0.9284191512046557, 0.8189427579487275, 0.9617664729467398, 1.0, 0.883773961056306, 0.7829586234917608, 0.9964903701510561, 0.6389586528684094, 0.8737043618194288, 0.5846694966620448, 0.8378944827054522, 0.8655233435521791, 0.9737657909013407, 0.8592976707417335, 0.9383841198059427, 0.5414314300524686], "recall": [0.5806309443927138, 0.8531871195737581, 0.7569664819353024, 0.6872025208916421, 0.5180717307627779, 0.6875482995874188, 0.78606169459442, 0.9723830170589582, 0.7192959973494866, 0.5880436490515034, 0.7754054754108379, 0.6922559947945374, 0.7253036025456948, 0.9736054759676727, 0.8061701386460322, 0.9666825846808433, 0.8606594255840989, 0.6649840119072693, 0.9774050770890743, 0.8020936209746207, 0.637871868618339, 0.7597098870718975, 0.8245282859740336, 0.5721397989334309, 0.625318391635158, 0.788524317574617, 0.6721986074660319, 0.641916689412824, 0.5111868837016009, 0.5949754032095855, 0.647857522343317, 0.9510777310507021, 0.7981766251628546, 0.5862903827164816, 0.8200241442082664], "f1": 0.7925494431628537}