{"apls": [["100.txt", 0.616145], ["109.txt", 0.678805], ["11.txt", 0.461348], ["111.txt", 0.595834], ["112.txt", 0.629649], ["138.txt", 0.57442], ["140.txt", 0.440184], ["145.txt", 0.374536], ["15.txt", 0.301863], ["171.txt", 0.607417], ["19.txt", 0.275207], ["198.txt", 0.396878], ["199.txt", 0.568552], ["2.txt", 0.211113], ["200.txt", 0.412127], ["205.txt", 0.336995], ["210.txt", 0.634756], ["224.txt", 0.421008], ["226.txt", 0.455249], ["253.txt", 0.708627], ["255.txt", 0.575698], ["291.txt", 0.414319], ["293.txt", 0.463243], ["304.txt", 0.67511], ["330.txt", 0.502504], ["357.txt", 0.357399], ["37.txt", 0.429663], ["370.txt", 0.329297], ["376.txt", 0.679661], ["58.txt", 0.518023], ["70.txt", 0.247486], ["72.txt", 0.167013], ["88.txt", 0.002202], ["90.txt", 0.48652], ["92.txt", 0.450157]], "final_APLS": 0.4571145142857143, "n_evaluated": 35, "n_total": 39, "n_skipped": 0, "n_failed": 0}