{"mean topo": [0.6315581726328606, 0.6902703846918664, 0.5820507775076941], "prec": [0.5737584723920531, 0.6513053469599066, 0.6241539294552585, 0.5951528958341497, 0.9212204619425535, 0.5039867723855462, 0.6345027543179939, 0.7236642725394461, 0.5767028223511952, 0.7769102995674373, 0.6368749004454668, 0.8323131567500132, 0.7163362354476209, 0.77242855410411, 0.7311860151520294, 0.47879614799361514, 0.768029356299916, 0.7795465585613263, 0.6920821437411908, 0.8562928263712472, 0.49303988301325247, 0.6452530974179232, 0.9228191736240011, 0.45452537472397037, 0.6381720975423838, 0.6345387012776937, 0.5226490497830617, 0.7330648786511866, 0.5450477808881351, 0.8108309349814716, 0.7364251178435884, 0.7517290607340181, 0.8617269500824304, 0.6746403176827549, 0.8897571233573771], "recall": [0.6360686688726568, 0.5795416779401985, 0.6505389289135088, 0.6379499657337916, 0.4513937724523829, 0.45296825732219154, 0.48849495841008067, 0.6016583980356629, 0.5643874291111204, 0.8286772097402217, 0.6511882301970217, 0.36635842481349257, 0.7946398354374683, 0.6640764644903443, 0.8204526350697635, 0.41474995157730027, 0.6019696887097997, 0.8314318070614621, 0.44911297665947775, 0.6201008330419467, 0.71753120786705, 0.47541202147171174, 0.5628509242527787, 0.5217970028502762, 0.5419481693853853, 0.6164091731640583, 0.37545151316286246, 0.4540171974153129, 0.5173123230861398, 0.40421831088156296, 0.5993398158878657, 0.9425957083317862, 0.5330322718859548, 0.45911759126430324, 0.5449838682723528], "f1": 0.6315581726328606}