{"apls": [["100.txt", 0.945086], ["109.txt", 0.877254], ["11.txt", 0.391476], ["111.txt", 0.51136], ["112.txt", 0.737077], ["138.txt", 0.789545], ["140.txt", 0.515435], ["145.txt", 0.517438], ["15.txt", 0.732403], ["171.txt", 0.800011], ["19.txt", 0.628254], ["198.txt", 0.619584], ["199.txt", 0.193556], ["2.txt", 0.464354], ["200.txt", 0.446142], ["205.txt", 0.602525], ["210.txt", 0.41415], ["224.txt", 0.505798], ["226.txt", 0.880704], ["253.txt", 0.840892], ["255.txt", 0.596473], ["291.txt", 0.510466], ["293.txt", 0.890955], ["304.txt", 0.843399], ["330.txt", 0.440093], ["357.txt", 0.502371], ["37.txt", 0.583183], ["370.txt", 0.567958], ["376.txt", 0.202528], ["58.txt", 0.461865], ["70.txt", 0.627243], ["72.txt", 0.267615], ["88.txt", 0.396591], ["90.txt", 0.273361], ["92.txt", 0.659541]], "final_APLS": 0.5781910285714287, "n_evaluated": 35, "n_total": 39, "n_skipped": 0, "n_failed": 0}