{"mean topo": [0.761332573168994, 0.857231612093596, 0.6847312572938773], "prec": [0.6738761996782824, 0.7260188308385752, 0.9403787697804068, 0.8197939750699115, 0.7997460570954307, 0.6269731313818768, 0.8953682078293976, 0.9814110431670457, 0.9190245267068629, 0.8897868129090478, 0.9988231061088346, 0.7745861910070962, 0.8490503239362718, 0.8866619651019205, 0.8757224477560295, 0.8382030481944003, 0.9643088430060125, 0.8346268691530748, 0.8251435479253847, 0.9192713328378633, 0.9209206622342763, 0.9641913839143427, 0.9714209049089738, 0.9354153234595763, 0.7152185717493581, 0.9971942353716248, 0.91182309312037, 0.7512236651125146, 0.5765832345494956, 0.8771467059627756, 0.7987338502206605, 0.9044930145275002, 0.983167296024439, 0.9508785778851228, 0.7059206747511033], "recall": [0.567020788710018, 0.6620589784754353, 0.6021363213787045, 0.8393285719162566, 0.5093237049443701, 0.40017616773932285, 0.7638529231051615, 0.9416656969069678, 0.6408356193777718, 0.4374733072200317, 0.7693202994504365, 0.6119825920148649, 0.40833866647710754, 0.8592449170894129, 0.7855267461349102, 0.7970495543402129, 0.7570782692554983, 0.5165702716280789, 0.8810359211670347, 0.9490808957646086, 0.8063835492409875, 0.5689125806578883, 0.9328508288914871, 0.5700289930461856, 0.6946415575695075, 0.853311858186075, 0.6425940017501429, 0.7001560133568067, 0.5195956481304413, 0.39971773888028467, 0.7144558156536855, 0.8230662343677628, 0.3352761873216589, 0.7230096223919005, 0.98249316274469], "f1": 0.761332573168994}