{"apls": [["100.txt", 0.75287], ["109.txt", 0.398679], ["11.txt", 0.367156], ["111.txt", 0.595136], ["112.txt", 0.685513], ["138.txt", 0.599447], ["140.txt", 0.187034], ["145.txt", 0.494811], ["15.txt", 0.240181], ["171.txt", 0.862733], ["19.txt", 0.595726], ["198.txt", 0.319166], ["199.txt", 0.523261], ["2.txt", 0.235722], ["200.txt", 0.375081], ["205.txt", 0.194177], ["210.txt", 0.538573], ["224.txt", 0.154978], ["226.txt", 0.255097], ["253.txt", 0.706331], ["255.txt", 0.601039], ["291.txt", 0.387053], ["293.txt", 0.606136], ["304.txt", 0.943263], ["330.txt", 0.471978], ["357.txt", 0.478995], ["37.txt", 0.458422], ["370.txt", 0.79757], ["376.txt", 0.835655], ["58.txt", 0.492239], ["70.txt", 0.33334], ["72.txt", 0.33781], ["88.txt", 0.20371], ["90.txt", 0.404271], ["92.txt", 0.577894]], "final_APLS": 0.48602991428571435, "n_evaluated": 35, "n_total": 39, "n_skipped": 0, "n_failed": 0}