{"mean topo": [0.6541433660922866, 0.8924143876344276, 0.5162947595666814], "prec": [0.7990431365370055, 0.7978920637026992, 0.9198955806850792, 0.9612853532729173, 0.7601382724978928, 0.9645389147417727, 0.9515289515030657, 0.9694240390592965, 0.9573512527367719, 0.9130714625829268, 0.8628829480179817, 0.8269652526063919, 0.9424019607843137, 0.9993265993265993, 0.9547690080897561, 0.8064676982921272, 0.8921769329191035, 0.7373192049061875, 0.9228228861658494, 0.8764470262728394, 0.8861765048189237, 0.9555854071638381, 0.9962704379997612, 0.885560643951815, 0.846588510350317, 0.9693152233447815, 0.9250959280178875, 0.840362858078913, 0.866425610428146, 0.9907718185935175, 0.9508798666176749, 0.8558090465950794, 0.9784578045280014, 0.9562977864285666, 0.515157575587161], "recall": [0.3514630729209664, 0.4377315657352035, 0.48918723546463044, 0.48269812336350004, 0.13312985670648825, 0.9667086666372386, 0.6097041971824678, 0.9226719229216738, 0.40010491106022283, 0.1324417348487787, 0.32386079000800777, 0.38803638152805164, 0.33163869651038147, 0.7804988764625514, 0.37917748246625016, 0.9637939138779148, 0.4374440225003629, 0.30682517081448396, 0.8496094091732004, 0.7816172711382103, 0.3776728696712307, 0.43314663043408497, 0.5178422419564804, 0.3462802623396639, 0.33936541887751115, 0.655900810726883, 0.5641982438462326, 0.7002539658238413, 0.3200545181791694, 0.27103323647519895, 0.49390810272502217, 0.4904818342054449, 0.8056923565011566, 0.46786176802801793, 0.8182810237233226], "f1": 0.6541433660922866}