{"apls": [["100.txt", 0.773737], ["109.txt", 0.763941], ["11.txt", 0.455641], ["111.txt", 0.695058], ["112.txt", 0.77624], ["138.txt", 0.593607], ["140.txt", 0.671201], ["145.txt", 0.507091], ["15.txt", 0.590179], ["171.txt", 0.915489], ["19.txt", 0.623738], ["198.txt", 0.570616], ["199.txt", 0.543313], ["2.txt", 0.411538], ["200.txt", 0.452741], ["205.txt", 0.49187], ["210.txt", 0.738469], ["224.txt", 0.468533], ["226.txt", 0.694407], ["253.txt", 0.685757], ["255.txt", 0.590889], ["291.txt", 0.551261], ["293.txt", 0.800513], ["304.txt", 0.933076], ["330.txt", 0.460028], ["357.txt", 0.595914], ["37.txt", 0.388284], ["370.txt", 0.410479], ["376.txt", 0.672967], ["58.txt", 0.674674], ["70.txt", 0.216909], ["72.txt", 0.331687], ["88.txt", 0.029086], ["90.txt", 0.632139], ["92.txt", 0.617979]], "final_APLS": 0.5808300285714285, "n_evaluated": 35, "n_total": 39, "n_skipped": 0, "n_failed": 0}