{"apls": [["100.txt", 0.887908], ["109.txt", 0.962187], ["11.txt", 0.44072], ["111.txt", 0.694052], ["112.txt", 0.779225], ["138.txt", 0.793662], ["140.txt", 0.521265], ["145.txt", 0.530214], ["15.txt", 0.805418], ["171.txt", 0.948787], ["19.txt", 0.771525], ["198.txt", 0.630667], ["199.txt", 0.550605], ["2.txt", 0.562391], ["200.txt", 0.574808], ["205.txt", 0.698905], ["210.txt", 0.451839], ["224.txt", 0.531193], ["226.txt", 0.660555], ["253.txt", 0.668954], ["255.txt", 0.612006], ["291.txt", 0.638191], ["293.txt", 0.813444], ["304.txt", 0.765155], ["330.txt", 0.674378], ["357.txt", 0.511201], ["37.txt", 0.503325], ["370.txt", 0.487631], ["376.txt", 0.68855], ["58.txt", 0.596326], ["70.txt", 0.296428], ["72.txt", 0.490629], ["88.txt", 0.038061], ["90.txt", 0.629429], ["92.txt", 0.580257]], "final_APLS": 0.6225683142857144, "n_evaluated": 35, "n_total": 39, "n_skipped": 0, "n_failed": 0}