{"mean topo": [0.7832745720446893, 0.8504044880141894, 0.7259675588426636], "prec": [0.9961744639376218, 0.5666950271386432, 0.8941055511109491, 0.995232362216467, 0.9219995369668473, 0.7243234288816107, 0.805619293808706, 0.8407810015869167, 0.8096705702839999, 0.8442525265198431, 0.807421803603191, 0.8687510896867485, 0.9889794060821713, 0.9898137504397623, 0.8060667731157738, 0.5895290673712038, 1.0, 0.9191157933334612, 0.6158447678344006, 0.9447400951097639, 0.8328732668156698, 0.7261781643373312, 0.9591836462054687, 0.8338676063497563, 0.9162135217443822, 0.8514756007015812, 0.7538443075158131, 0.7917341803684131, 0.8242866331730752, 0.762241152488113, 0.936487294059435, 0.856577888748552, 0.9719206025213166, 0.932012953661593, 0.8861439527780453], "recall": [0.8467313916659139, 0.8895168351538071, 0.5164934039573622, 0.9188882780637252, 0.7317642234756574, 0.7018010120465692, 0.7252161532289186, 0.7463460151746099, 0.7782556968769496, 0.971444489442748, 0.7601116062785571, 0.5486796891066411, 0.9263635005070109, 0.8392100211392907, 0.8817620103712883, 0.5209707543587225, 0.6982048732576966, 0.7297187196944611, 0.5992624582855325, 0.6474713845077403, 0.8495167242423229, 0.6814107634179437, 0.5818625631787044, 0.6962487154979211, 0.5942848557117969, 0.7437201858183481, 0.6621813774952188, 0.8040422249770227, 0.562409545735894, 0.8380109670275633, 0.7741400782220267, 0.9814546778441982, 0.6609942459874637, 0.5071454262495668, 0.49322969149403156], "f1": 0.7832745720446893}