{"mean topo": [0.791655597777948, 0.9289940822654061, 0.6896941802757904], "prec": [0.8677291452811546, 0.9662868939029168, 0.8399514116642831, 0.984266576877913, 0.9946871008939974, 0.9765323710499259, 0.9166310006669169, 0.9926876997062746, 0.9935394889663182, 0.9631399852496793, 0.8326464370497444, 0.8269223794974007, 1.0, 0.8585103799873176, 0.9409660946754477, 0.9961045763371343, 0.8179864335080373, 0.993474346455702, 0.912581748420356, 0.8523369621367973, 0.9705963704211511, 0.9270169174808786, 0.9996075353218209, 1.0, 0.991360961885238, 0.7810121804315961, 0.9926022168652834, 0.9287164138737314, 0.8574736361085689, 0.8855065452495567, 0.8658840708984551, 1.0, 0.8576069617477269, 0.9835017308826703, 1.0, 0.9279818420109177, 0.965893014547808, 0.5698906095325532, 0.8168690689355009, 1.0, 1.0, 0.9674397954091972, 1.0, 0.9956140350877192, 0.9758897094429954, 0.896847053951934, 0.852725753444779, 0.878159744669793, 0.8785291625185058, 0.9935889220758647, 0.8691725275189744, 0.898648543594072, 0.9104678600155115, 0.8615177492975934, 0.8936328924534689, 0.9512265540099398, 1.0, 0.8915730888860962, 0.9966511223627328, 0.9503120631924505, 0.9455037606417078, 0.887336279586966, 0.988851060630203, 0.9991543752406227, 0.9862020450813556, 0.9477730781645496, 0.9989658014009126, 0.9127183203270159, 1.0, 0.9656122847026882, 0.9061010706618717, 0.837004305332819, 0.9907893978364721, 0.902582285512394, 0.9747677592613031, 0.9937813590883878, 1.0, 0.8744465538537453, 0.9265126272117078, 0.991603102176757, 1.0, 0.9447557665447902, 0.9617492921857019, 0.8023845566204766, 0.9897719408057158, 0.9623743081448818, 0.9717443354049226, 0.869418616461565, 1.0, 0.9137609119909251, 0.8904992505627878, 0.9587708863193936, 0.9654649531536337, 0.9143630597709791, 0.9843243260383914, 1.0, 0.9990551495204443, 0.9442965906970161, 0.9823514654486315, 0.7638581425253846, 0.8553995805990595, 1.0, 0.827063903832631, 0.38461538461538464, 0.9215324794272245, 0.9131678089405266, 1.0, 0.8915340641805207, 0.8935695083399717, 0.8383084239221263, 0.902503539545999, 0.9660126496772603, 0.9406251259872698, 1.0, 0.8968244694624048, 0.915872035407774, 0.9687695000002964, 0.9310072565416703, 1.0, 0.9559272916652427, 0.9201139287958057, 0.8903806849001198, 0.9992790194664745, 0.7774606375416853, 0.9938883696690576, 0.9900597119775202, 0.9049202127659575, 0.8463857662844195, 0.9496134233043461, 1.0, 0.9296241913931035, 0.8530883477302708, 0.9723299955858095, 0.9195995992796715, 0.8982139456535944, 0.8536827749819446, 0.9883744264317887, 0.8742133382029579, 0.9428683658856517, 0.9931293784254156, 0.8594219819573333, 1.0, 0.7523535667844311, 0.9989540979414399, 0.9351415030645938, 0.8757984922180962, 0.9705238721163567, 0.9659048775369046, 0.9267846868074319, 0.984515369911916, 0.9330090057323115, 0.7360796992612674, 1.0, 0.8555438288470705, 0.835784433994051, 0.8707560147037987, 1.0, 0.807297937150274, 0.6243209834541104, 0.9926845211414911, 1.0, 0.938875540996529, 0.9160074648456099, 1.0, 0.9746408028141775, 0.992867155500677, 0.9138108297418585, 0.9507170446932264, 0.9699427095941259, 0.9077531256479536, 1.0, 1.0, 0.9167526897215911, 0.9172338352611678, 0.977087186763411, 0.9770617562789587, 1.0, 0.8578728095640065, 0.9723947717802336, 0.9980601800468614, 0.9765275707898657, 0.9665623803242689, 0.8835995667617623, 0.9394386492409714, 0.9683287188969385, 0.9330828231574981, 0.9071251351266801, 0.9319780418739702, 0.9257946126479583, 0.9035685282373657, 0.9655330151583219, 0.9445714701039181, 0.8829444069667012, 0.9490060002771867, 0.9890617499744382, 0.9089662588128486, 0.9036732046755981, 0.9928422373146134, 0.971660163375243, 0.9987176654960159, 0.9583959095703377, 0.9466666666666667, 0.9241754277156351, 0.912802729041899, 0.9859472964255034, 0.8830511427793782, 1.0, 0.9788599032495623, 0.9966316829406908, 0.7708178933496095, 0.7024159856504095, 0.8966411284822196, 1.0, 0.9864863247015143, 0.9240111680193809, 0.9990571856551235, 1.0, 0.996493096230934, 1.0, 0.9882689957069416, 1.0, 1.0, 0.9702807861559428, 0.8324095784410375, 0.8198039291229374, 0.9308997954145171, 0.9555680690832509, 0.8287337277765662, 0.999537037037037, 0.8772969513883275, 0.9937225607812824, 0.94474482609784, 1.0, 0.9783468107877823, 0.8364804071673152, 0.9680788685596687, 0.9915259151932925, 0.7361551076505145, 0.9295991075377911, 0.9442526761166445, 0.9380470136872439, 0.9665446882146355, 0.9669462481962482, 0.9027657243706573, 0.9545028349553221, 0.9926848952540652, 0.995323497645575, 0.9490885730947, 0.9642218703844195, 1.0, 0.9279295982593568, 0.9468044167784255, 0.9623531739392621, 0.8208902347942063, 0.916923091232172, 0.9247071017282956, 0.9329867728662422, 1.0, 0.931969755610525, 0.9933040724707392, 0.8399260679663201, 0.9798197492163009, 0.6101092921526359, 1.0, 0.9938669493771535, 0.9715941043609918, 0.9244256341854648, 0.852551348180518, 0.9483514356743608, 0.9739612700384805, 0.9012153712482182, 0.9382343524403084, 0.8200641420275474, 0.8897823170980909, 0.9746125732835125, 0.897332612178446, 0.946065883801733, 0.7800202688558382, 0.9071006649931637, 0.8760372383427611, 0.8797850299247613, 0.9982994438737146, 0.5735030431665101, 0.9769356085557185, 0.8973781903521961, 0.9485177473184259, 0.9238117983641174, 0.9066619254767349, 0.9630978550790412, 0.9450559614549782, 0.8923942860143764, 0.9794932532549827, 1.0, 0.9545127491434369, 0.8263009045359476, 0.9409029695779355, 0.9783407579901643, 0.8652488873958359, 0.9689774760504443, 0.7393855703110184, 0.9717762492878876, 0.9534839326078577, 1.0, 0.8822263326817918, 0.9938694308056009, 0.8709663164738648, 0.9284295158320354, 0.9250231275366654, 0.8479754358684343, 0.9492565106519122, 0.9580726273111466, 0.9989345690189669, 0.9392582013243534, 0.999211202428171, 0.8695453960206663, 1.0, 0.8799236046483412, 0.9632229362333168, 0.8698033035799067, 0.9165056537731952, 0.8340835926514542, 0.9947584884655822, 0.9388678922475007, 1.0, 0.9614350486348826, 0.9738964582184914, 0.8923017254659285, 0.8359179590282054, 0.9698344040255397, 0.9592680194130406, 1.0, 0.9545403314820002, 0.9759453483366006, 0.8526538235971621, 0.928606212881423, 0.9685156811330105, 0.9621027870487805, 0.8653532380879535, 0.9315709164757005, 0.9485192391250358, 0.997803133650589, 0.9067527049663553, 0.8882766811309709, 0.999660441426146, 1.0, 0.9165574040350459, 0.8491268240499468, 0.9289217598312312, 0.8371724664232459, 1.0, 1.0, 0.9125332865126009, 0.9110687528634255, 1.0, 0.9790182494158667, 0.9080675306008265, 0.9002640375895824, 0.9658357771260997, 0.9768920770968835, 0.9792400113757262, 0.8131763998876237, 0.9619643449995242, 0.9760551674522695, 1.0, 0.9966762706478781, 0.8522593103780255, 0.9349718720182537, 0.7398922588666611, 0.9792837234641485, 0.7774537073807849, 0.9343570067658207],