{"apls": [["100.txt", 0.789715], ["109.txt", 0.824428], ["11.txt", 0.417232], ["111.txt", 0.601936], ["112.txt", 0.8268], ["138.txt", 0.682356], ["140.txt", 0.706011], ["145.txt", 0.51305], ["15.txt", 0.459634], ["171.txt", 0.920295], ["19.txt", 0.748846], ["198.txt", 0.460042], ["199.txt", 0.531252], ["2.txt", 0.586346], ["200.txt", 0.374034], ["205.txt", 0.449795], ["210.txt", 0.741982], ["224.txt", 0.45285], ["226.txt", 0.741215], ["253.txt", 0.715092], ["255.txt", 0.603503], ["291.txt", 0.592737], ["293.txt", 0.881913], ["304.txt", 0.964331], ["330.txt", 0.583772], ["357.txt", 0.590538], ["37.txt", 0.559299], ["370.txt", 0.442556], ["376.txt", 0.718855], ["58.txt", 0.637596], ["70.txt", 0.415618], ["72.txt", 0.364837], ["88.txt", 0.25936], ["90.txt", 0.634891], ["92.txt", 0.552712]], "final_APLS": 0.6098694, "n_evaluated": 35, "n_total": 39, "n_skipped": 0, "n_failed": 0}