{"mean topo": [0.7959890897477205, 0.9297811046868271, 0.6958577661727616], "prec": [0.983402790437512, 0.9416743301964432, 0.9910868417756545, 0.9800118040978651, 0.5068093671034847, 0.836354267113861, 1.0, 0.8729293860407987, 0.8872108354476692, 0.9724883857471635, 0.80666613948883, 0.8492137244008909, 0.8317060233115187, 0.9826870984116385, 0.958782016712695, 0.9929372920745756, 0.7829850233355683, 0.9387535745146662, 0.9077935432131744, 0.9438570790888293, 0.9843420468420468, 1.0, 0.8166861399812823, 0.9520310701183354, 0.8146208480610027, 0.865204454382927, 0.7821961658177702, 0.8571234931109529, 0.9919314129806119, 0.7061636868639823, 0.9548351526410821, 0.999468085106383, 0.9538239538239539, 0.9701113723648996, 0.9431847297611872, 0.9291031639087056, 0.8774837656387768, 0.935646233659377, 0.9279459041336431, 1.0, 1.0, 0.9784971449784323, 0.977593083895889, 0.9295862331323702, 0.9348010392589896, 0.9932716093694064, 0.93835962081571, 0.9054069224777059, 0.950562419503119, 0.9776531265823372, 0.994624743689623, 0.9601819461413528, 0.9488986906759768, 0.9992421371731717, 0.8710151764157293, 0.948585321324137, 0.849699345487531, 0.9311241243143322, 0.9042165782417486, 0.9984387996654542, 0.9853993339569482, 0.8087804002933616, 0.9723176326651054, 0.9994356286802136, 0.9017592762812894, 1.0, 0.9413165334903735, 0.9415624897547895, 0.9100018433684046, 0.8418553887172305, 0.9510428202288667, 0.8902160848294692, 1.0, 0.9653066737412894, 0.953214253111552, 0.9084134964969779, 0.8211699938964432, 0.9062966896500453, 0.9018514830660151, 0.9428755609289642, 0.9752121701349321, 0.9509153021909654, 0.9084001296470243, 0.8862943737952231, 0.9202511293158847, 0.9563205815801049, 0.9273902010033944, 0.9666343861095043, 0.8778241058934207, 0.9823861544566685, 1.0, 1.0, 0.8642173931103755, 0.9977505722391381, 0.987277622895532, 1.0, 0.9329160860940332, 1.0, 0.945726769180245, 1.0, 0.9495175240795747, 0.9696718896211992, 1.0, 0.9987689531480379, 0.9976796824318491, 0.9463417945817861, 0.9694446715088082, 0.9914702787226631, 0.7951215299424906, 0.9428639912086124, 0.9989642254250546, 0.9383922248961677, 0.9381469102884802, 0.9410916822021537, 0.9931258396775638, 0.834133721795237, 0.9655470274984346, 0.9588365846425849, 1.0, 0.981232881223419, 0.9502836491586168, 0.8304027916147556, 0.8990750353845384, 0.9282519004293197, 0.8654174760200084, 0.9784504192017611, 0.9539469976828973, 0.8542095452100585, 0.6934258324527174, 0.9984528959942565, 0.9648386612067072, 0.9194482415960492, 0.9843833379345921, 0.9932324723391045, 1.0, 0.8539606753161546, 1.0, 0.877830236360544, 0.9420464003329173, 0.9685275226803166, 0.9253287630818949, 0.8730911942496746, 0.817124799743842, 0.8169412918098132, 0.9720448804247354, 0.9220682538251074, 0.9419274283495923, 1.0, 0.9341716053140353, 0.9756118933937717, 1.0, 0.9772417434802148, 0.947926048798776, 1.0, 0.9742238202784799, 0.9992481203007519, 0.950474636174865, 0.9413541105287574, 0.5999838056680162, 0.8023784773959878, 0.7950205499835343, 0.7954862659097601, 0.9596587089088954, 1.0, 0.9827965113912169, 1.0, 0.9426166671103625, 0.8371930641054348, 0.9784095772604181, 0.9909525982381924, 0.9406288734889887, 0.9404037300731989, 0.9991708126036486, 0.9863553810544134, 0.9682267179671942, 0.9590207749602041, 1.0, 0.9992673671132238, 0.9016395995992225, 0.9793437888808227, 0.8999284720239087, 0.8333828469107752, 0.9733186688649939, 1.0, 0.9091402679402428, 0.9596041327467544, 0.9306523220524575, 0.9563714801914938, 0.986073047477043, 0.9568968898964176, 0.8344512930345742, 0.7602505143892923, 0.9404374239306651, 0.9954759190652607, 1.0, 0.8711697946429963, 0.9641868046653691, 0.9153863356155262, 0.9742560777962899, 0.9806225170879173, 0.7382764618922488, 0.9855485910097772, 0.9453937269382467, 0.9463828828779517, 1.0, 0.9508411895336536, 0.9968292708324273, 0.8556067363362883, 0.8846088062242151, 1.0, 1.0, 0.907747719930842, 0.992681803412422, 0.9579852000408796, 0.9644054567038868, 1.0, 1.0, 0.9553383530598423, 0.9392387052544823, 0.9956899357330545, 0.846638410872733, 0.8979502039158681, 0.9924517846555134, 0.8149642116260389, 0.9416502117951121, 1.0, 0.9799260854955056, 0.8447798074590924, 0.992800644774329, 0.9839973922525792, 0.7357280295802114, 0.9778542023891617, 0.9237559567701976, 0.9154971187252392, 0.9505109175364478, 0.8503386008661759, 0.9918494732707556, 1.0, 0.9499117958487557, 1.0, 0.928721015675188, 0.8307715925235613, 0.9994444444444445, 0.6446926828656652, 0.9940733869305297, 0.8078506173872104, 0.8326000790054823, 0.8935942670507107, 0.9125770958597602, 0.965112170994524, 0.9351250164508205, 0.8362200685496191, 0.968889322016778, 0.9855218474184316, 0.9975242859987485, 0.9543426980318015, 0.9734091851271073, 0.8589063980672044, 0.9320844355206975, 0.8932255692100225, 0.9986910888525966, 0.9620435188886318, 1.0, 0.996694962251926, 0.9975369458128078, 0.9126321008494831, 0.9798300625917571, 0.9226489519317277, 0.9667001108280603, 0.9387858610887412, 0.883617579515808, 0.9990582328443108, 1.0, 0.962337036113797, 0.9979093467213941, 0.9791661796055263, 0.8478722316847428, 0.9113761935782506, 0.9329068078077389, 0.8874828804974539, 0.9362153816928818, 0.8773388052570682, 0.873303506591792, 0.9605615965923593, 0.9917113424697639, 0.9546034349354483, 0.8509890287160286, 0.9764008065117439, 0.9848534075609293, 0.8947066317934634, 1.0, 0.8812080196548322, 0.9586600137043308, 0.9477504400278972, 0.8666960013882872, 0.9236223434235763, 0.9213420790368666, 1.0, 1.0, 0.9977785827379375, 0.9315886017799471, 0.8464112940642075, 0.9497286349994984, 0.8770929072657057, 0.9777363374953639, 0.9896403923731371, 0.9667669839552824, 1.0, 1.0, 0.9943368948317797, 0.996228588477034, 1.0, 0.9376803751803752, 0.8354648296505229, 0.9984847041240485, 1.0, 0.946372986474461, 0.9519473870156472, 0.9061564571948744, 0.9627355006115735, 0.9590420090420091, 0.9532656821526068, 0.7972465763637895, 0.9905643875818011, 0.8685701822107783, 0.914266403646776, 0.9217625537273633, 0.8075468034972684, 0.9315223510250432, 0.7526132891459527, 0.8455846884103009, 0.9968820581592323, 1.0, 0.19230769230769232, 0.8927213173242992, 1.0, 0.8375521747982284, 0.927415728664954, 0.9623149754097992, 0.7806472103333746, 0.839405375480702, 0.8892091255317011, 0.9988034626516076, 0.9090629242872951, 0.8751554185037312, 0.9871233227161873, 0.997334455667789, 0.9588621816645022, 0.9824183779602605, 0.8781673336393123, 0.8776077928294672, 0.9964298153953327, 1.0, 0.8437055659665307, 0.9412110413764898, 0.9985319656174887, 0.877053984869165, 0.7486015792262294, 0.907617429235304, 0.9679110309769057, 0.9241738909870382, 0.9459950326506017, 0.9453182755208993, 0.9029436461675735, 0.9878062356033944, 0.9598379967112238, 1.0, 0.6429040724053049, 0.9210203356188216, 0.9081088694948071, 0.8897582456235852, 0.9705818202584396],